<?xml version="1.0"?>
<Project Version="1" Minor="3" DIGEST="">
	<TOOL_VERSION Version="2018.3"/>
	<MODE Name="Post-Synthesis"/>
	<SYSTEMINFO BOARD="xilinx.com:zcu102:3.2" PART="xczu9eg-ffvb1156-2-e" ARCH="zynquplus" PACKAGE="ffvb1156" DEVICE="xczu9eg" SPEED="-2" LUT="274080" FF="548160" BRAM="912" DSP="2520"/>
	<HIERARCHY Name="system_top"/>
	<File Type="HW_HANDOFF" Name="system.hwh" DESIGN_HIERARCHY="i_system_wrapper/system_i" BD_TYPE="DEFAULT_BD"/>
	<File Type="BD_TCL" Name="system_bd.tcl"/>
	<File Type="PS_FSBL_INIT" Name="psu_init.c"/>
	<File Type="PS_FSBL_INIT" Name="psu_init.h"/>
	<File Type="PS_FSBL_INIT_GPL" Name="psu_init_gpl.c"/>
	<File Type="PS_FSBL_INIT_GPL" Name="psu_init_gpl.h"/>
	<File Type="PS_INIT_HELP" Name="psu_init.html"/>
	<File Type="PS_XMD_INIT" Name="psu_init.tcl"/>
	<File Type="BIT" Name="system_top.bit"/>
	<BOARD Type="NotIntegrated">
		<BASEBOARD Name="xilinx.com:zcu102:3.2">
		</BASEBOARD>
	</BOARD>
	<USEDRESOURCES LUT="41940" FF="55227" BRAM="554" DSP="144"/>
</Project>

